{
  "project_info": {
    "project_number": "663470768379",
    "project_id": "project2-8d848",
    "storage_bucket": "project2-8d848.appspot.com"
  },
  "client": [
    {
      "client_info": {
        "mobilesdk_app_id": "1:663470768379:android:0df65c1310c30f79d8b05e",
        "android_client_info": {
          "package_name": "com.peng.project2"
        }
      },
      "oauth_client": [],
      "api_key": [
        {
          "current_key": "AIzaSyCYQXRkABlDsatDedvtgq5inqo52PlVT9k"
        }
      ],
      "services": {
        "appinvite_service": {
          "other_platform_oauth_client": []
        }
      }
    }
  ],
  "configuration_version": "1"
}